Назва,Опис,Ціна,Фото товару (посилання),Посилання на товар,Унікальний ключ,Код товару з Bonanza
"Foley, Alabama Steam Engine Train Stainless Steel Round Keychain - $14.70","Foley, Alabama Steam Engine Train Stainless Steel Round Keychain - $14.70",Цена не указана,https://images-bucket.bonanzastatic.com/afu/images/cb00/1ec7/935b_15082127158/__57_thumb200.png,https://www.bonanza.com/listings/Foley-Alabama-Steam-Engine-Train-Stainless-Steel-Round-Keychain/1730338240?featured=true&search_term_id=40474862,407ebdc1-3418-415e-b301-b03e15b92f43,1730338240
Pink Mode Ring Set - $29.68,Pink Mode Ring Set - $29.68,Цена не указана,https://images-bucket.bonanzastatic.com/afu/images/e95e/8157/39e0_15078131041/__12_thumb200.jpg,https://www.bonanza.com/listings/Pink-Mode-Ring-Set/1729993484?featured=true&search_term_id=40474862,12520f24-e9e0-49a3-9eef-dfde6b9ebb79,1729993484
"Foley, Alabama Walkway Bridge Stainless Steel Round Keychain - $14.70","Foley, Alabama Walkway Bridge Stainless Steel Round Keychain - $14.70",Цена не указана,https://images-bucket.bonanzastatic.com/afu/images/3405/9cf1/57d7_15082127190/__57_thumb200.png,https://www.bonanza.com/listings/Foley-Alabama-Walkway-Bridge-Stainless-Steel-Round-Keychain/1730338242?featured=true&search_term_id=40474862,cab2bfb5-f40f-4972-aee5-c0293fbea539,1730338242
"Faux Pearl Dangle Earrings, New #AB-057 - $5.94","Faux Pearl Dangle Earrings, New #AB-057 - $5.94",Цена не указана,https://images-bucket.bonanzastatic.com/afu/images/9120/287c/dc5b_15000962571/__57_thumb200.jpg,https://www.bonanza.com/listings/Faux-Pearl-Dangle-Earrings-New-AB-057/1725329751?featured=true&search_term_id=40474862,8fe64156-70db-4411-94a3-2c12a19bf527,1725329751
"Cross 1&quot;  925 Sterling Silver Drop Earrings, New #Gftshp-0nly - $12.86","Cross 1&quot;  925 Sterling Silver Drop Earrings, New #Gftshp-0nly - $12.86",Цена не указана,https://images-bucket.bonanzastatic.com/afu/images/09a7/46a9/c136_15033765394/s-l960_thumb200.png,https://www.bonanza.com/listings/Cross-1-925-Sterling-Silver-Drop-Earrings-New-Gftshp-0nly/1727488476?featured=true&search_term_id=40474862,cac00f89-9f60-455a-80a1-82f52474def8,1727488476
Vintage Garne Clear Rhinestone Clip On Earrings Mid-Century New York - $30.69,Vintage Garne Clear Rhinestone Clip On Earrings Mid-Century New York - $30.69,Цена не указана,https://images-bucket.bonanzastatic.com/afu/images/8ac9/0425/bf9c_15093437361/s-l1600_thumb200.jpg,https://www.bonanza.com/listings/Vintage-Garne-Clear-Rhinestone-Clip-On-Earrings-Mid-Century-New-York/1730860075?featured=true&search_term_id=40474862,7c47b35b-22b2-420e-96f9-5d2ce72ebc69,1730860075
Style Brand Stud Back Earrings Gold Tone Stars With Rhinestones - $13.92,Style Brand Stud Back Earrings Gold Tone Stars With Rhinestones - $13.92,Цена не указана,https://images-bucket.bonanzastatic.com/afu/images/2d50/0634/0e81_14719694530/__57_thumb200.png,https://www.bonanza.com/listings/Style-Brand-Stud-Back-Earrings-Gold-Tone-Stars-With-Rhinestones/1700763084?featured=true&search_term_id=40474862,d90342f2-06da-4441-b835-9b0212049220,1700763084
"Foley, Alabama Clock Tower Stainless Steel Round Keychain - $14.70","Foley, Alabama Clock Tower Stainless Steel Round Keychain - $14.70",Цена не указана,https://images-bucket.bonanzastatic.com/afu/images/c5f9/aab7/207b_15082127802/__57_thumb200.png,https://www.bonanza.com/listings/Foley-Alabama-Clock-Tower-Stainless-Steel-Round-Keychain/1730338248?featured=true&search_term_id=40474862,3635fcef-ec9f-4542-a649-94b90907487d,1730338248
Gloria Duchin Lipstick Charm Made in USA  1 in Pink - $4.99,Gloria Duchin Lipstick Charm Made in USA  1 in Pink - $4.99,Цена не указана,https://images-bucket.bonanzastatic.com/afu/images/0e25/45df/2d7c_15098192650/s-l960_thumb200.png,https://www.bonanza.com/listings/Gloria-Duchin-Lipstick-Charm-Made-in-USA-1-in-Pink/1731015774?search_term_id=40474862,b4a3ab42-0f8a-43f9-a8a3-2bb7005673b1,1731015774
Claires Patriotic Heart Earrings Women Girls Red White Blue Glitter Stud - $4.99,Claires Patriotic Heart Earrings Women Girls Red White Blue Glitter Stud - $4.99,Цена не указана,https://images-bucket.bonanzastatic.com/afu/images/9aae/f498/4847_15098192565/s-l960_thumb200.jpg,https://www.bonanza.com/listings/Claires-Patriotic-Heart-Earrings-Women-Girls-Red-White-Blue-Glitter-Stud/1731015768?search_term_id=40474862,523a581b-b615-480d-b88e-a74ab506c2ce,1731015768
Gargoyle ring figurative band size 9.5 sterling silver women men - $156.42,Gargoyle ring figurative band size 9.5 sterling silver women men - $156.42,Цена не указана,https://images-bucket.bonanzastatic.com/afu/images/5de4/a175/1364_15098918336/__12_thumb200.jpg,https://www.bonanza.com/listings/Gargoyle-ring-figurative-band-size-9-5-sterling-silver-women-men/1731083842?search_term_id=40474862,80100fbf-7700-4059-8587-88cafe3448cd,1731083842
Black Hills Gold ring wedding turquoise leaves band size 9 sterling silver women - $146.52,Black Hills Gold ring wedding turquoise leaves band size 9 sterling silver women - $146.52,Цена не указана,https://images-bucket.bonanzastatic.com/afu/images/d172/4cb3/7a2f_15098918106/__12_thumb200.jpg,https://www.bonanza.com/listings/Black-Hills-Gold-ring-wedding-turquoise-leaves-band-size-9-sterling-silver-women/1731083839?search_term_id=40474862,0b190965-a080-4f03-bd4f-b968799f2d39,1731083839
Weiss Clip-on Earrings Vintage Aurora Borealis AB Rhinestones Prong Set Signed - $23.76,Weiss Clip-on Earrings Vintage Aurora Borealis AB Rhinestones Prong Set Signed - $23.76,Цена не указана,https://images-bucket.bonanzastatic.com/afu/images/a7f8/ead8/993c_15100348544/s-l1600_thumb200.jpg,https://www.bonanza.com/listings/Weiss-Clip-on-Earrings-Vintage-Aurora-Borealis-AB-Rhinestones-Prong-Set-Signed/1731153747?search_term_id=40474862,9d716d45-3400-4cbd-b1ef-fc416cf5690c,1731153747
Local Pickup Nfl Licensed New York Giants Folding Beach Field Patio Deck Chair - $37.79,Local Pickup Nfl Licensed New York Giants Folding Beach Field Patio Deck Chair - $37.79,Цена не указана,https://images-bucket.bonanzastatic.com/afu/images/ba68/c56a/38f5_15098173253/s-l960_thumb200.jpg,https://www.bonanza.com/listings/Local-Pickup-Nfl-Licensed-New-York-Giants-Folding-Beach-Field-Patio-Deck-Chair/1731012988?search_term_id=40474862,5362874c-11c9-4548-a148-ec3c7067874d,1731012988
Round Brilliant Lab Diamond Ring Lab Crete Diamond  Ring Vintage Diamond Ring - $99.99,Round Brilliant Lab Diamond Ring Lab Crete Diamond  Ring Vintage Diamond Ring - $99.99,Цена не указана,https://images-bucket.bonanzastatic.com/afu/images/8a21/37d6/0c93_15098273011/1_thumb200.JPG,https://www.bonanza.com/listings/Round-Brilliant-Lab-Diamond-Ring-Lab-Crete-Diamond-Ring-Vintage-Diamond-Ring/1731019917?search_term_id=40474862,60f8ea36-6c00-401f-b50f-e525135864e9,1731019917
Stella &amp; Dot Gunmetal Cuban Link Necklace Chain Long Gold Pave Rhinestone Links - $29.95,Stella &amp; Dot Gunmetal Cuban Link Necklace Chain Long Gold Pave Rhinestone Links - $29.95,Цена не указана,https://images-bucket.bonanzastatic.com/afu/images/5786/6f31/6ac8_15099304792/__57_thumb200.png,https://www.bonanza.com/listings/Stella-Dot-Gunmetal-Cuban-Link-Necklace-Chain-Long-Gold-Pave-Rhinestone-Links/1731096849?search_term_id=40474862,47de65f2-1b01-4a4a-86a3-a223261cfbac,1731096849
2mm &amp; m Titanium Steel Engagement   Eternity Wedding  for Men and Women - $43.02,2mm &amp; m Titanium Steel Engagement   Eternity Wedding  for Men and Women - $43.02,Цена не указана,https://images-bucket.bonanzastatic.com/afu/images/f84c/0cfe/1f4b_15096234387/titanium-steel-engagement-rings-cubic-zirconia-eternity-wedding-rings-for-men-and-women_thumb200.jpg,https://www.bonanza.com/listings/2mm-m-Titanium-Steel-Engagement-Eternity-Wedding-for-Men-and-Women/1730945792?search_term_id=40474862,72210e35-36f5-4a8f-940c-ea51c46b924e,1730945792
TIGRADE 8mm  Tungsten Carbide Ring Man Blue Opal Inlay Men Women Wedding Engagem - $42.22,TIGRADE 8mm  Tungsten Carbide Ring Man Blue Opal Inlay Men Women Wedding Engagem - $42.22,Цена не указана,https://images-bucket.bonanzastatic.com/afu/images/7c60/9718/3281_15096233614/uxury-tungsten-carbide-ring-man-blue-opal-inlay-men-women-wedding-engagement-ring-bague_thumb200.jpg,https://www.bonanza.com/listings/TIGRADE-8mm-Tungsten-Carbide-Ring-Man-Blue-Opal-Inlay-Men-Women-Wedding-Engagem/1730945790?search_term_id=40474862,0789d34a-4e1d-475c-9553-bc3f4836f57e,1730945790
Choker Rigid Looped Gold Metal Hinge Collar - $24.00,Choker Rigid Looped Gold Metal Hinge Collar - $24.00,Цена не указана,https://images-bucket.bonanzastatic.com/afu/images/a280/8b27/3d91_15100431938/pen8488gldgd_thumb200.jpg,https://www.bonanza.com/listings/Choker-Rigid-Looped-Gold-Metal-Hinge-Collar/1731168721?search_term_id=40474862,e94d88a5-4528-49dc-aaf7-ef4a4ce6ca14,1731168721
Forever Together Small Double Heart 925 Silver Pendant Necklace Free Shipping - $6.39,Forever Together Small Double Heart 925 Silver Pendant Necklace Free Shipping - $6.39,Цена не указана,https://images-bucket.bonanzastatic.com/afu/images/66f1/a0c9/11cf_15092142130/s-l960_thumb200.jpg,https://www.bonanza.com/listings/Forever-Together-Small-Double-Heart-925-Silver-Pendant-Necklace-Free-Shipping/1730802984?search_term_id=40474862,abf33fdc-8fac-4d7d-a5c0-921270fe58d1,1730802984
Round London Blue Topaz Ring Vintage Gold Plated Floral Promise Ring Art Deco - $99.99,Round London Blue Topaz Ring Vintage Gold Plated Floral Promise Ring Art Deco - $99.99,Цена не указана,https://images-bucket.bonanzastatic.com/afu/images/afb1/390b/ba4b_15098399438/1_thumb200.JPG,https://www.bonanza.com/listings/Round-London-Blue-Topaz-Ring-Vintage-Gold-Plated-Floral-Promise-Ring-Art-Deco/1731031774?search_term_id=40474862,fe0a0895-64f6-4f7d-94ab-7157499acf98,1731031774
White Enamel Hoops Dangle Earrings w/Bullet Posts Fashion Jewelry - $17.81,White Enamel Hoops Dangle Earrings w/Bullet Posts Fashion Jewelry - $17.81,Цена не указана,https://images-bucket.bonanzastatic.com/afu/images/99be/6895/260c_14748267097/s-l960_thumb200.jpg,https://www.bonanza.com/listings/White-Enamel-Hoops-Dangle-Earrings-w-Bullet-Posts-Fashion-Jewelry/1704134772?search_term_id=40474862,62bea6a5-a5bf-4d42-9ed0-e92cbebbf457,1704134772
Large Statement Bracelet Cuff - Chunky Gold Tone with Beaded Multi Color Detail - $15.99,Large Statement Bracelet Cuff - Chunky Gold Tone with Beaded Multi Color Detail - $15.99,Цена не указана,https://images-bucket.bonanzastatic.com/afu/images/a2b9/409b/68bb_15014110171/0378e63a-6054-43cd-823b-ab5cf36adbe4_thumb200.jpeg,https://www.bonanza.com/listings/Large-Statement-Bracelet-Cuff-Chunky-Gold-Tone-with-Beaded-Multi-Color-Detail/1726093233?search_term_id=40474862,9c034f3f-7ff3-4fa2-a4f3-c6b9955b868c,1726093233
Gold bar ear climbers 3 PIECES - $11.88,Gold bar ear climbers 3 PIECES - $11.88,Цена не указана,https://images-bucket.bonanzastatic.com/afu/images/49e2/8fd4/520f_15014173934/__57_thumb200.jpg,https://www.bonanza.com/listings/Gold-bar-ear-climbers-3-PIECES/1726095199?search_term_id=40474862,64e4a098-ef9a-463f-80be-89308da5f84f,1726095199
Boho Chunky Black Gold Beaded Stones Discs Necklace Womens Costume Jewelry - $27.72,Boho Chunky Black Gold Beaded Stones Discs Necklace Womens Costume Jewelry - $27.72,Цена не указана,https://images-bucket.bonanzastatic.com/afu/images/9bb4/26f5/0b86_15093752040/__57_thumb200.jpg,https://www.bonanza.com/listings/Boho-Chunky-Black-Gold-Beaded-Stones-Discs-Necklace-Womens-Costume-Jewelry/1730866978?search_term_id=40474862,8879e05c-c33a-41d6-b4ce-32771a3b4c60,1730866978
Betsey Johnson Gunmetal Pink Mittens &amp; Bow Pendant Necklace NWT Vintage - $21.78,Betsey Johnson Gunmetal Pink Mittens &amp; Bow Pendant Necklace NWT Vintage - $21.78,Цена не указана,https://images-bucket.bonanzastatic.com/afu/images/91d5/b2f4/bc1f_15015676820/__57_thumb200.png,https://www.bonanza.com/listings/Betsey-Johnson-Gunmetal-Pink-Mittens-Bow-Pendant-Necklace-NWT-Vintage/1726167307?search_term_id=40474862,fef9280b-f93a-402d-8276-c61b74dfa3bf,1726167307
DBello Accessories Pierced Earrings Gold Tone CZ Red Rhinestone Triangular - $4.99,DBello Accessories Pierced Earrings Gold Tone CZ Red Rhinestone Triangular - $4.99,Цена не указана,https://images-bucket.bonanzastatic.com/afu/images/6c07/a100/c66c_15098192597/s-l960_thumb200.jpg,https://www.bonanza.com/listings/DBello-Accessories-Pierced-Earrings-Gold-Tone-CZ-Red-Rhinestone-Triangular/1731015778?search_term_id=40474862,6b991395-6823-4178-b440-5a73b1f3f24e,1731015778
Fashionable Multi-Functional Stainless Steel Ring Self-Defense Anti-Abnormal Adj - $42.21,Fashionable Multi-Functional Stainless Steel Ring Self-Defense Anti-Abnormal Adj - $42.21,Цена не указана,https://images-bucket.bonanzastatic.com/afu/images/b964/9006/e3b8_15096233954/al-stainless-steel-ring-self-defense-anti-abnormal-adjustable-hidden-cool-men-and-women_thumb200.jpg,https://www.bonanza.com/listings/Fashionable-Multi-Functional-Stainless-Steel-Ring-Self-Defense-Anti-Abnormal-Adj/1730945794?search_term_id=40474862,e42e02ab-b89d-46e6-99b8-cdf1dd017a19,1730945794
Fashion Jewelry Earrings Silver Filagree Faux Turquoise Drop - $6.99,Fashion Jewelry Earrings Silver Filagree Faux Turquoise Drop - $6.99,Цена не указана,https://images-bucket.bonanzastatic.com/afu/images/3669/b0a8/ee8d_15098192661/s-l960_thumb200.jpg,https://www.bonanza.com/listings/Fashion-Jewelry-Earrings-Silver-Filagree-Faux-Turquoise-Drop/1731015780?search_term_id=40474862,883b5afd-4d05-42c7-9ea7-06ce649c94bd,1731015780
Bamoer 925  Silver Genshin Impact Character Xiao Tartaglia Zhongli Ring Adjustab - $42.74,Bamoer 925  Silver Genshin Impact Character Xiao Tartaglia Zhongli Ring Adjustab - $42.74,Цена не указана,https://images-bucket.bonanzastatic.com/afu/images/116d/0216/7609_15096234257/genshin-impact-character-xiao-tartaglia-zhongli-ring-adjustable-women-man-ring-stickers_thumb200.jpg,https://www.bonanza.com/listings/Bamoer-925-Silver-Genshin-Impact-Character-Xiao-Tartaglia-Zhongli-Ring-Adjustab/1730945800?search_term_id=40474862,58fb1538-31b5-4538-a9e8-15bd16c0d591,1730945800
DBello Accessories Pierced Earrings Gold Tone CZ Blue Rhinestone Triangular - $4.99,DBello Accessories Pierced Earrings Gold Tone CZ Blue Rhinestone Triangular - $4.99,Цена не указана,https://images-bucket.bonanzastatic.com/afu/images/aa45/b93f/8f64_15098192672/s-l960_thumb200.jpg,https://www.bonanza.com/listings/DBello-Accessories-Pierced-Earrings-Gold-Tone-CZ-Blue-Rhinestone-Triangular/1731015786?search_term_id=40474862,ba673c92-e2a3-4bd8-a134-b8363f3019db,1731015786
Vnox 8mm Matte Surface Tungsten Carbide Men Ring Clic Black Wedding s Male Allia - $42.08,Vnox 8mm Matte Surface Tungsten Carbide Men Ring Clic Black Wedding s Male Allia - $42.08,Цена не указана,https://images-bucket.bonanzastatic.com/afu/images/82b0/4864/6a88_15096234312/ce-tungsten-carbide-men-ring-classic-black-wedding-bands-male-alliance-anniversary-gift_thumb200.jpg,https://www.bonanza.com/listings/Vnox-8mm-Matte-Surface-Tungsten-Carbide-Men-Ring-Clic-Black-Wedding-s-Male-Allia/1730945802?search_term_id=40474862,e299e122-aa70-4374-bf69-b381b2d80c1a,1730945802
DBello Accessories Pierced Earrings Gold Tone CZ Black Rhinestone Triangular - $4.99,DBello Accessories Pierced Earrings Gold Tone CZ Black Rhinestone Triangular - $4.99,Цена не указана,https://images-bucket.bonanzastatic.com/afu/images/5fb3/1f9d/679d_15098192761/s-l960_thumb200.jpg,https://www.bonanza.com/listings/DBello-Accessories-Pierced-Earrings-Gold-Tone-CZ-Black-Rhinestone-Triangular/1731015788?search_term_id=40474862,d140bca2-97ff-4c24-aa2a-031e7159c2d7,1731015788
J Anillos Para Hombres 8mm Polishing Men&#39;s Ring 100% Tungsten Carbide Ring Blue  - $42.08,J Anillos Para Hombres 8mm Polishing Men&#39;s Ring 100% Tungsten Carbide Ring Blue  - $42.08,Цена не указана,https://images-bucket.bonanzastatic.com/afu/images/14dc/9949/6d4f_15096235437/llos-para-hombres-8mm-polishing-men-s-ring-100-tungsten-carbide-ring-blue-black-wedding_thumb200.jpg,https://www.bonanza.com/listings/J-Anillos-Para-Hombres-8mm-Polishing-Men-s-Ring-100-Tungsten-Carbide-Ring-Blue/1730945806?search_term_id=40474862,0ace0653-9b0a-46c4-82e4-fd0dad494b75,1730945806
Wollet Jewelry Set Magnetic Pure Copper celets Bangle Ring for Men Women Anti Ar - $42.03,Wollet Jewelry Set Magnetic Pure Copper celets Bangle Ring for Men Women Anti Ar - $42.03,Цена не указана,https://images-bucket.bonanzastatic.com/afu/images/c62b/7cd4/782c_15096235485/elry-set-magnetic-pure-copper-bracelets-bangle-ring-for-men-women-anti-arthritis-with-6_thumb200.jpg,https://www.bonanza.com/listings/Wollet-Jewelry-Set-Magnetic-Pure-Copper-celets-Bangle-Ring-for-Men-Women-Anti-Ar/1730945814?search_term_id=40474862,3f5dfcbc-d7aa-4e5a-b7e2-a640c30a4dc6,1730945814
Eamti 10mm Man Black Ring Titanium Cool Finger  Forefinger  Unisex Unique Writin - $42.06,Eamti 10mm Man Black Ring Titanium Cool Finger  Forefinger  Unisex Unique Writin - $42.06,Цена не указана,https://images-bucket.bonanzastatic.com/afu/images/091a/c2c2/f4c9_15096235732/black-ring-titanium-cool-wide-finger-band-forefinger-rings-unisex-unique-writing-anillo_thumb200.jpg,https://www.bonanza.com/listings/Eamti-10mm-Man-Black-Ring-Titanium-Cool-Finger-Forefinger-Unisex-Unique-Writin/1730945816?search_term_id=40474862,c41d63e9-44fb-432d-be5c-198e934cecfa,1730945816
Bubble Letter Couples Ring for Men Arrow Heart Real  Plated Hip Hop Jewelry Vale - $42.00,Bubble Letter Couples Ring for Men Arrow Heart Real  Plated Hip Hop Jewelry Vale - $42.00,Цена не указана,https://images-bucket.bonanzastatic.com/afu/images/2e30/22a4/3914_15096235698/letter-couples-ring-for-men-arrow-heart-real-gold-plated-hip-hop-jewelry-valentines-day_thumb200.jpg,https://www.bonanza.com/listings/Bubble-Letter-Couples-Ring-for-Men-Arrow-Heart-Real-Plated-Hip-Hop-Jewelry-Vale/1730945818?search_term_id=40474862,895c859a-6627-477f-aa6d-d8e5041ae4cc,1730945818
Bubble Letter  Color Ring for Men Iced Out Real Copper Spinning in the Middle Hi - $41.92,Bubble Letter  Color Ring for Men Iced Out Real Copper Spinning in the Middle Hi - $41.92,Цена не указана,https://images-bucket.bonanzastatic.com/afu/images/d54d/b4c5/443d_15096235946/bubble-letter-gold-color-ring-for-men-iced-out-real-copper-spinning-in-the-middle-hip_thumb200.jpg,https://www.bonanza.com/listings/Bubble-Letter-Color-Ring-for-Men-Iced-Out-Real-Copper-Spinning-in-the-Middle-Hi/1730945826?search_term_id=40474862,271dacca-fbbb-47f9-9b6d-3ff4689b22f0,1730945826
Somen Ring Men 6mm Silver Color Tungsten Ring Brush Polished Wedding  Male Engag - $41.91,Somen Ring Men 6mm Silver Color Tungsten Ring Brush Polished Wedding  Male Engag - $41.91,Цена не указана,https://images-bucket.bonanzastatic.com/afu/images/7c62/6c64/9514_15096235864/-6mm-silver-color-tungsten-ring-brush-polished-wedding-band-male-engagement-rings-women_thumb200.jpg,https://www.bonanza.com/listings/Somen-Ring-Men-6mm-Silver-Color-Tungsten-Ring-Brush-Polished-Wedding-Male-Engag/1730945830?search_term_id=40474862,37c7b3d2-67c3-48c2-ae61-100846850e00,1730945830
SIZZZ 6MM 7.6G Weight Popular jewelry wholesale silver color / color /rose  pris - $41.91,SIZZZ 6MM 7.6G Weight Popular jewelry wholesale silver color / color /rose  pris - $41.91,Цена не указана,https://images-bucket.bonanzastatic.com/afu/images/7fa5/b918/142e_15096235620/-6mm-wide-7-6g-weight-popular-jewelry-wholesale-silver-color-gold-color-rose-gold-prism_thumb200.jpg,https://www.bonanza.com/listings/SIZZZ-6MM-7-6G-Weight-Popular-jewelry-wholesale-silver-color-color-rose-pris/1730945832?search_term_id=40474862,33481a0a-0b66-4591-91c3-bee1aa55e7fa,1730945832
8mm Electric Black Inlaid Meteorite Abalone  Dome Tungsten Carbide Ring Men&#39;s Fa - $42.02,8mm Electric Black Inlaid Meteorite Abalone  Dome Tungsten Carbide Ring Men&#39;s Fa - $42.02,Цена не указана,https://images-bucket.bonanzastatic.com/afu/images/8375/9f37/45bb_15096237268/inlaid-meteorite-abalone-shell-dome-tungsten-carbide-ring-men-s-fashion-wedding-jewelry_thumb200.jpg,https://www.bonanza.com/listings/8mm-Electric-Black-Inlaid-Meteorite-Abalone-Dome-Tungsten-Carbide-Ring-Men-s-Fa/1730945834?search_term_id=40474862,498e1cde-206a-463d-8c84-b96ad8d6c9d5,1730945834
 Men Jewelry Groove Symmetry Personality Tungsten  Carbide Black 8mm Promise Rin - $41.85, Men Jewelry Groove Symmetry Personality Tungsten  Carbide Black 8mm Promise Rin - $41.85,Цена не указана,https://images-bucket.bonanzastatic.com/afu/images/f989/0c3f/8382_15096235988/-groove-symmetry-personality-tungsten-gold-carbide-black-8mm-promise-ring-for-boyfriend_thumb200.jpg,https://www.bonanza.com/listings/Men-Jewelry-Groove-Symmetry-Personality-Tungsten-Carbide-Black-8mm-Promise-Rin/1730945838?search_term_id=40474862,538ae231-32fa-4759-81b8-c2581637ebfd,1730945838
JHSL Red Black Blue Stone Men  Silver Color Stainless Steel Fashion Jewelry Gift - $41.85,JHSL Red Black Blue Stone Men  Silver Color Stainless Steel Fashion Jewelry Gift - $41.85,Цена не указана,https://images-bucket.bonanzastatic.com/afu/images/c1b7/4551/9302_15096236783/ack-blue-stone-men-rings-silver-color-stainless-steel-fashion-jewelry-gift-wholesale-us_thumb200.jpg,https://www.bonanza.com/listings/JHSL-Red-Black-Blue-Stone-Men-Silver-Color-Stainless-Steel-Fashion-Jewelry-Gift/1730945842?search_term_id=40474862,a3d56802-3eb9-4f7a-a944-6b619a757bf0,1730945842
UWIN 14mm Prong Cuban Link Chain  Full Iced Out   for Men Fashion Hip Hop Jewelr - $41.81,UWIN 14mm Prong Cuban Link Chain  Full Iced Out   for Men Fashion Hip Hop Jewelr - $41.81,Цена не указана,https://images-bucket.bonanzastatic.com/afu/images/6389/2537/2a89_15096237533/in-14mm-prong-cuban-link-chain-rings-full-iced-out-cubic-zirconia-rings-for-men-fashion_thumb200.jpg,https://www.bonanza.com/listings/UWIN-14mm-Prong-Cuban-Link-Chain-Full-Iced-Out-for-Men-Fashion-Hip-Hop-Jewelr/1730945846?search_term_id=40474862,3138d7cb-2ed3-43d1-b369-24a4778425a8,1730945846
Outdoor Defensa Retro Lovers Ring Travel Survival Women Men Protection Hidden We - $41.79,Outdoor Defensa Retro Lovers Ring Travel Survival Women Men Protection Hidden We - $41.79,Цена не указана,https://images-bucket.bonanzastatic.com/afu/images/9377/6620/df72_15096237551/lovers-ring-travel-survival-women-men-protection-hidden-weapon-blade-guard-self-defense_thumb200.jpg,https://www.bonanza.com/listings/Outdoor-Defensa-Retro-Lovers-Ring-Travel-Survival-Women-Men-Protection-Hidden-We/1730945848?search_term_id=40474862,d359c9bc-30ab-4bea-99b0-333891c140d4,1730945848
10Pcs/Lot Colorful Turquoise Stone  for Men Women Mix Pattern Bohemia  Oval Fing - $41.73,10Pcs/Lot Colorful Turquoise Stone  for Men Women Mix Pattern Bohemia  Oval Fing - $41.73,Цена не указана,https://images-bucket.bonanzastatic.com/afu/images/7a55/dfab/62e4_15096237766/rful-turquoise-stone-rings-for-men-women-mix-pattern-bohemia-geometric-oval-finger-ring_thumb200.jpg,https://www.bonanza.com/listings/10Pcs-Lot-Colorful-Turquoise-Stone-for-Men-Women-Mix-Pattern-Bohemia-Oval-Fing/1730945854?search_term_id=40474862,17916ec4-8ed8-4090-b2ba-336ad63de812,1730945854
Tigrade 4mm Multi-Faceted Tungsten Wedding  Rose /Black/ Engagement  for Women M - $41.71,Tigrade 4mm Multi-Faceted Tungsten Wedding  Rose /Black/ Engagement  for Women M - $41.71,Цена не указана,https://images-bucket.bonanzastatic.com/afu/images/9d80/1281/ec52_15096236737/multi-faceted-tungsten-wedding-rings-rose-gold-black-gold-engagement-band-for-women-men_thumb200.jpg,https://www.bonanza.com/listings/Tigrade-4mm-Multi-Faceted-Tungsten-Wedding-Rose-Black-Engagement-for-Women-M/1730945856?search_term_id=40474862,4b65c5f9-e5e3-42e6-aa6b-4ec84e885e39,1730945856
 2pcs Stainless Steel Wedding  Engagement Ring  Pairs Wedding Couple  Set for Wo - $41.86, 2pcs Stainless Steel Wedding  Engagement Ring  Pairs Wedding Couple  Set for Wo - $41.86,Цена не указана,https://images-bucket.bonanzastatic.com/afu/images/44d4/0828/7f54_15096237714/ss-steel-wedding-band-engagement-ring-cubic-zirconia-pairs-wedding-couple-rings-set-for_thumb200.jpg,https://www.bonanza.com/listings/2pcs-Stainless-Steel-Wedding-Engagement-Ring-Pairs-Wedding-Couple-Set-for-Wo/1730945858?search_term_id=40474862,34eadb50-b401-41e0-bbb1-f31b3651c486,1730945858
Tigrade Tungsten Ring For Men Women Polished Unique Custom Engraving Write Ring  - $41.91,Tigrade Tungsten Ring For Men Women Polished Unique Custom Engraving Write Ring  - $41.91,Цена не указана,https://images-bucket.bonanzastatic.com/afu/images/7ec6/e7d8/874c_15096237517/en-ring-for-men-women-polished-unique-custom-engraving-write-ring-for-wedding-band-gift_thumb200.jpg,https://www.bonanza.com/listings/Tigrade-Tungsten-Ring-For-Men-Women-Polished-Unique-Custom-Engraving-Write-Ring/1730945862?search_term_id=40474862,9d3977f1-c4d3-4084-b483-bd7083b806a2,1730945862
Medieval Embossed Vi Vegvisir PU Leather O Ring Belt Retro Renaissance Knight Bu - $41.74,Medieval Embossed Vi Vegvisir PU Leather O Ring Belt Retro Renaissance Knight Bu - $41.74,Цена не указана,https://images-bucket.bonanzastatic.com/afu/images/83d4/b79c/eb41_15096237784/vegvisir-pu-leather-o-ring-belt-retro-renaissance-knight-buckles-belt-leather-waistband_thumb200.jpg,https://www.bonanza.com/listings/Medieval-Embossed-Vi-Vegvisir-PU-Leather-O-Ring-Belt-Retro-Renaissance-Knight-Bu/1730945864?search_term_id=40474862,8b8bf285-8399-4e95-9321-a7905870f042,1730945864
Silver Color  For Women Men Lover Couple Ring Set Friendship Engagement Wedding  - $41.97,Silver Color  For Women Men Lover Couple Ring Set Friendship Engagement Wedding  - $41.97,Цена не указана,https://images-bucket.bonanzastatic.com/afu/images/4f29/829a/1cc8_15096237576/-rings-for-women-men-lover-couple-ring-set-friendship-engagement-wedding-band-open-ring_thumb200.jpg,https://www.bonanza.com/listings/Silver-Color-For-Women-Men-Lover-Couple-Ring-Set-Friendship-Engagement-Wedding/1730945866?search_term_id=40474862,29047239-11b3-4724-b0d2-76c0915a11d9,1730945866
J8mm  Men Woman s Black Vine Blue   100% Tungsten Steel  Male Jewelry Anillos Ac - $41.90,J8mm  Men Woman s Black Vine Blue   100% Tungsten Steel  Male Jewelry Anillos Ac - $41.90,Цена не указана,https://images-bucket.bonanzastatic.com/afu/images/841b/b494/485f_15096238937/men-woman-ring-wedding-bands-black-vine-blue-carbon-fiber-100-tungsten-steel-rings-male_thumb200.jpg,https://www.bonanza.com/listings/J8mm-Men-Woman-s-Black-Vine-Blue-100-Tungsten-Steel-Male-Jewelry-Anillos-Ac/1730945878?search_term_id=40474862,f849eb5c-a89d-4dd0-93ba-0077ef775f8e,1730945878
Bubble Letter Lightning  for Men Real  Plated Hip Hop Jewelry - $42.07,Bubble Letter Lightning  for Men Real  Plated Hip Hop Jewelry - $42.07,Цена не указана,https://images-bucket.bonanzastatic.com/afu/images/4233/51f0/05d5_15096239456/bubble-letter-lightning-rings-for-men-real-gold-plated-hip-hop-jewelry_thumb200.jpg,https://www.bonanza.com/listings/Bubble-Letter-Lightning-for-Men-Real-Plated-Hip-Hop-Jewelry/1730945880?search_term_id=40474862,46a9d1b8-4942-4ebb-9061-7ab3b39c3615,1730945880
"Tigrade Domed Men Tungsten Ring Rose , ,Silver Color Polished Pure Carbide Ring  - $42.08","Tigrade Domed Men Tungsten Ring Rose , ,Silver Color Polished Pure Carbide Ring  - $42.08",Цена не указана,https://images-bucket.bonanzastatic.com/afu/images/01d6/b05a/acd6_15096239467/men-tungsten-ring-rose-gold-gold-silver-color-polished-pure-carbide-ring-unisex-wedding_thumb200.jpg,https://www.bonanza.com/listings/Tigrade-Domed-Men-Tungsten-Ring-Rose-Silver-Color-Polished-Pure-Carbide-Ring/1730945890?search_term_id=40474862,59f48d0d-a388-4527-818a-fe3b3e48dad0,1730945890
Simple Jewelry  Color Engagement RingTungsten Finger  for Male Female Dome  2/4/ - $41.81,Simple Jewelry  Color Engagement RingTungsten Finger  for Male Female Dome  2/4/ - $41.81,Цена не указана,https://images-bucket.bonanzastatic.com/afu/images/dd4c/c212/db5d_15096239744/jewelry-gold-color-engagement-ringtungsten-finger-rings-for-male-female-dome-band-2-4-5_thumb200.jpg,https://www.bonanza.com/listings/Simple-Jewelry-Color-Engagement-RingTungsten-Finger-for-Male-Female-Dome-2-4-/1730945894?search_term_id=40474862,64484e0c-64e2-4eab-8f12-0d21faaee2c3,1730945894
Somen 8mm Men Tungsten Ring Domed Rose  Colors Polished Pure Carbide Ring Unisex - $42.07,Somen 8mm Men Tungsten Ring Domed Rose  Colors Polished Pure Carbide Ring Unisex - $42.07,Цена не указана,https://images-bucket.bonanzastatic.com/afu/images/280d/15e6/bae2_15096240093/men-tungsten-ring-domed-rose-gold-colors-polished-pure-carbide-ring-unisex-wedding-band_thumb200.jpg,https://www.bonanza.com/listings/Somen-8mm-Men-Tungsten-Ring-Domed-Rose-Colors-Polished-Pure-Carbide-Ring-Unisex/1730945896?search_term_id=40474862,bda2f3e4-121f-414f-aba2-e1d10cdb6840,1730945896
BONLAVIE New Vintage Charming Men&#39; S  4MM Inlaid Opal  Steel Ring Size 7-12 - $41.97,BONLAVIE New Vintage Charming Men&#39; S  4MM Inlaid Opal  Steel Ring Size 7-12 - $41.97,Цена не указана,https://images-bucket.bonanzastatic.com/afu/images/0e17/4a42/e4f5_15096239989/ie-new-vintage-charming-men-s-rings-4mm-wide-inlaid-opal-black-tungsten-steel-ring-size_thumb200.jpg,https://www.bonanza.com/listings/BONLAVIE-New-Vintage-Charming-Men-S-4MM-Inlaid-Opal-Steel-Ring-Size-7-12/1730945902?search_term_id=40474862,3fd5d440-3b7d-4221-8550-8992bea04aae,1730945902
Men&#39;s Wedding  Brwon Stone Silver Color Stainless Steel  Party Jewelry Good Qual - $41.87,Men&#39;s Wedding  Brwon Stone Silver Color Stainless Steel  Party Jewelry Good Qual - $41.87,Цена не указана,https://images-bucket.bonanzastatic.com/afu/images/dbd3/0c96/b04c_15096240434/wedding-rings-brwon-stone-silver-color-stainless-steel-rings-party-jewelry-good-quality_thumb200.jpg,https://www.bonanza.com/listings/Men-s-Wedding-Brwon-Stone-Silver-Color-Stainless-Steel-Party-Jewelry-Good-Qual/1730945904?search_term_id=40474862,1f6913c1-8f58-4d94-865a-bc67696d96d9,1730945904
New simple and fashionable business emerald rectangular men&#39;s open ring domineer - $42.07,New simple and fashionable business emerald rectangular men&#39;s open ring domineer - $42.07,Цена не указана,https://images-bucket.bonanzastatic.com/afu/images/51e4/2032/339b_15096240149/able-business-emerald-rectangular-men-s-open-ring-domineering-titanium-steel-silver-men_thumb200.jpg,https://www.bonanza.com/listings/New-simple-and-fashionable-business-emerald-rectangular-men-s-open-ring-domineer/1730945906?search_term_id=40474862,be1264b0-a6d1-4163-8541-c0bb0484e6af,1730945906
Simplicity Hidden Blade Self-defense Open  For Women Personalized Stainless Stee - $41.83,Simplicity Hidden Blade Self-defense Open  For Women Personalized Stainless Stee - $41.83,Цена не указана,https://images-bucket.bonanzastatic.com/afu/images/8219/34a6/fdb3_15096240545/self-defense-open-rings-for-women-personalized-stainless-steel-simple-cutting-tool-ring_thumb200.jpg,https://www.bonanza.com/listings/Simplicity-Hidden-Blade-Self-defense-Open-For-Women-Personalized-Stainless-Stee/1730945910?search_term_id=40474862,4b082404-b80b-4296-92c7-8c841e993e4f,1730945910
8mm  Color Ring For Men Hand Cut shiny   Jewelry Without Scratches Women  - $41.92,8mm  Color Ring For Men Hand Cut shiny   Jewelry Without Scratches Women  - $41.92,Цена не указана,https://images-bucket.bonanzastatic.com/afu/images/50ab/7182/f4c4_15096240682/color-ring-for-men-hand-cut-shiny-geometric-rings-jewelry-without-scratches-women-rings_thumb200.jpg,https://www.bonanza.com/listings/8mm-Color-Ring-For-Men-Hand-Cut-shiny-Jewelry-Without-Scratches-Women/1730945912?search_term_id=40474862,a7d75454-9a01-4113-97a8-f3c854ec2361,1730945912
8mm Tungsten Carbide   Stone Blue Turquoises Men Jewelry Anniversary Souvenir Gi - $42.01,8mm Tungsten Carbide   Stone Blue Turquoises Men Jewelry Anniversary Souvenir Gi - $42.01,Цена не указана,https://images-bucket.bonanzastatic.com/afu/images/4566/1591/50b4_15096240884/gsten-carbide-rings-natural-stone-blue-turquoises-men-jewelry-anniversary-souvenir-gift_thumb200.jpg,https://www.bonanza.com/listings/8mm-Tungsten-Carbide-Stone-Blue-Turquoises-Men-Jewelry-Anniversary-Souvenir-Gi/1730945914?search_term_id=40474862,a5907559-27b2-4445-82f2-169b38d55b1e,1730945914
Bubble Letter Owl Iced Out Ring Men Real  Plated ss Zircon Hip Hop Jewelry - $42.07,Bubble Letter Owl Iced Out Ring Men Real  Plated ss Zircon Hip Hop Jewelry - $42.07,Цена не указана,https://images-bucket.bonanzastatic.com/afu/images/8257/917c/eae3_15096240887/bubble-letter-owl-iced-out-ring-men-real-gold-plated-brass-cubic-zircon-hip-hop-jewelry_thumb200.jpg,https://www.bonanza.com/listings/Bubble-Letter-Owl-Iced-Out-Ring-Men-Real-Plated-ss-Zircon-Hip-Hop-Jewelry/1730945920?search_term_id=40474862,6ee21030-4607-4eb2-bb99-7c7fb37bb1d0,1730945920
Custom Personalized Arabic Name Ring Stainless Steel Adjustable  For Women Men I - $42.06,Custom Personalized Arabic Name Ring Stainless Steel Adjustable  For Women Men I - $42.06,Цена не указана,https://images-bucket.bonanzastatic.com/afu/images/af71/301c/b198_15096240610/abic-name-ring-stainless-steel-adjustable-rings-for-women-men-islamic-bff-rings-jewelry_thumb200.jpg,https://www.bonanza.com/listings/Custom-Personalized-Arabic-Name-Ring-Stainless-Steel-Adjustable-For-Women-Men-I/1730945922?search_term_id=40474862,0c71898a-7eb3-40ad-927e-00784f83a6d0,1730945922
Tigrade 6/8mm Tungsten Carbide Ring for Men Women Heart Beat Inlay Engagement We - $41.71,Tigrade 6/8mm Tungsten Carbide Ring for Men Women Heart Beat Inlay Engagement We - $41.71,Цена не указана,https://images-bucket.bonanzastatic.com/afu/images/3d66/e940/6bba_15096240833/mm-tungsten-carbide-ring-for-men-women-heart-beat-inlay-engagement-wedding-band-promise_thumb200.jpg,https://www.bonanza.com/listings/Tigrade-6-8mm-Tungsten-Carbide-Ring-for-Men-Women-Heart-Beat-Inlay-Engagement-We/1730945926?search_term_id=40474862,fb65dd56-41c4-4792-bb83-8be209095aa6,1730945926
Wollet Jewelry Bio Magnetic Therapy Pure Copper Ring For Women Men Open Cuff Ani - $49.07,Wollet Jewelry Bio Magnetic Therapy Pure Copper Ring For Women Men Open Cuff Ani - $49.07,Цена не указана,https://images-bucket.bonanzastatic.com/afu/images/8b15/d92b/e67c_15096192595/welry-bio-magnetic-therapy-pure-copper-ring-for-women-men-open-cuff-anit-arthritis-pain_thumb200.jpg,https://www.bonanza.com/listings/Wollet-Jewelry-Bio-Magnetic-Therapy-Pure-Copper-Ring-For-Women-Men-Open-Cuff-Ani/1730944818?search_term_id=40474862,70cb66f6-d97a-4a68-be24-35cfebb38ff3,1730944818
